{
  "brightness_median": 0.1568627450980392,
  "shadow_area_ratio": 0.0003587962962962963,
  "shadow_directionality_score": 0.09347938621784656,
  "dirt_area_ratio": 0.00490162037037037,
  "dirt_hue_shift_score": 0.16897546980116102,
  "glare_area_ratio": 0.0,
  "glare_clipped_pixel_ratio": 0.0,
  "damage_line_density": 0.0,
  "damage_irregular_line_score": 0.09523809523809523,
  "laplacian_variance": 259.9750979390379
}