{
  "brightness_median": 0.1450980392156863,
  "shadow_area_ratio": 0.18854166666666666,
  "shadow_directionality_score": 0.4611675887084413,
  "dirt_area_ratio": 0.0049479166666666664,
  "dirt_hue_shift_score": 0.17832357618543837,
  "glare_area_ratio": 0.0,
  "glare_clipped_pixel_ratio": 0.0,
  "damage_line_density": 0.0,
  "damage_irregular_line_score": 0.06741573033707865,
  "laplacian_variance": 213.53531747993284
}