{
  "brightness_median": 0.1568627450980392,
  "shadow_area_ratio": 0.0018344907407407407,
  "shadow_directionality_score": 0.12239057067465857,
  "dirt_area_ratio": 0.009253472222222222,
  "dirt_hue_shift_score": 0.17336529625786676,
  "glare_area_ratio": 0.0,
  "glare_clipped_pixel_ratio": 0.0,
  "damage_line_density": 0.0,
  "damage_irregular_line_score": 0.102803738317757,
  "laplacian_variance": 262.40853277951254
}