{
  "brightness_median": 0.19607843137254902,
  "shadow_area_ratio": 9.259259259259259e-05,
  "shadow_directionality_score": 0.8380579380986759,
  "dirt_area_ratio": 0.04695601851851852,
  "dirt_hue_shift_score": 0.4272259182400174,
  "glare_area_ratio": 0.0,
  "glare_clipped_pixel_ratio": 0.0,
  "damage_line_density": 0.0,
  "damage_irregular_line_score": 0.05405405405405406,
  "laplacian_variance": 192.28067933049877
}