{
  "brightness_median": 0.1607843137254902,
  "shadow_area_ratio": 0.00043402777777777775,
  "shadow_directionality_score": 0.19746891571027775,
  "dirt_area_ratio": 0.009988425925925927,
  "dirt_hue_shift_score": 0.35207286410861544,
  "glare_area_ratio": 0.02597800925925926,
  "glare_clipped_pixel_ratio": 0.035063657407407404,
  "damage_line_density": 0.0,
  "damage_irregular_line_score": 0.10091743119266056,
  "laplacian_variance": 244.3323336064761
}