{
  "brightness_median": 0.1568627450980392,
  "shadow_area_ratio": 0.0023032407407407407,
  "shadow_directionality_score": 0.2812529252248576,
  "dirt_area_ratio": 0.00728587962962963,
  "dirt_hue_shift_score": 0.1845115237765842,
  "glare_area_ratio": 0.0,
  "glare_clipped_pixel_ratio": 0.0,
  "damage_line_density": 0.0,
  "damage_irregular_line_score": 0.10416666666666667,
  "laplacian_variance": 259.92594119392476
}