{
  "brightness_median": 0.1568627450980392,
  "shadow_area_ratio": 0.00031828703703703706,
  "shadow_directionality_score": 0.6242728454593982,
  "dirt_area_ratio": 0.008530092592592593,
  "dirt_hue_shift_score": 0.17950399186876084,
  "glare_area_ratio": 0.0,
  "glare_clipped_pixel_ratio": 0.0,
  "damage_line_density": 0.0,
  "damage_irregular_line_score": 0.09649122807017543,
  "laplacian_variance": 260.85071196295763
}