{
  "brightness_median": 0.2,
  "shadow_area_ratio": 0.004600694444444445,
  "shadow_directionality_score": 0.9674711777915932,
  "dirt_area_ratio": 0.06190393518518519,
  "dirt_hue_shift_score": 0.40494427151150175,
  "glare_area_ratio": 0.0,
  "glare_clipped_pixel_ratio": 0.0,
  "damage_line_density": 0.0,
  "damage_irregular_line_score": 0.08602150537634409,
  "laplacian_variance": 196.2268965202426
}