{
  "brightness_median": 0.15294117647058825,
  "shadow_area_ratio": 0.0006886574074074074,
  "shadow_directionality_score": 0.8435190160714099,
  "dirt_area_ratio": 0.005827546296296296,
  "dirt_hue_shift_score": 0.18034867180718317,
  "glare_area_ratio": 0.0,
  "glare_clipped_pixel_ratio": 0.0,
  "damage_line_density": 0.0,
  "damage_irregular_line_score": 0.08653846153846154,
  "laplacian_variance": 261.1592513342
}