{
  "brightness_median": 0.1568627450980392,
  "shadow_area_ratio": 0.0016608796296296296,
  "shadow_directionality_score": 0.439786469186681,
  "dirt_area_ratio": 0.0043287037037037035,
  "dirt_hue_shift_score": 0.1703802744547526,
  "glare_area_ratio": 0.0,
  "glare_clipped_pixel_ratio": 0.0,
  "damage_line_density": 0.0,
  "damage_irregular_line_score": 0.12442396313364056,
  "laplacian_variance": 256.28030851324047
}