{
  "brightness_median": 0.15294117647058825,
  "shadow_area_ratio": 0.023055555555555555,
  "shadow_directionality_score": 0.8145931575145011,
  "dirt_area_ratio": 0.002627314814814815,
  "dirt_hue_shift_score": 0.15895741780598957,
  "glare_area_ratio": 0.0,
  "glare_clipped_pixel_ratio": 0.0,
  "damage_line_density": 0.0,
  "damage_irregular_line_score": 0.07462686567164178,
  "laplacian_variance": 235.40195582799507
}