{
  "brightness_median": 0.09803921568627451,
  "shadow_area_ratio": 4.050925925925926e-05,
  "shadow_directionality_score": 0.0,
  "dirt_area_ratio": 0.004311342592592592,
  "dirt_hue_shift_score": 0.15914989047580294,
  "glare_area_ratio": 0.0,
  "glare_clipped_pixel_ratio": 0.0,
  "damage_line_density": 0.0,
  "damage_irregular_line_score": 0.7692307692307693,
  "laplacian_variance": 150.690492591387
}