{
  "brightness_median": 0.19607843137254902,
  "shadow_area_ratio": 0.0002951388888888889,
  "shadow_directionality_score": 0.5942609126136463,
  "dirt_area_ratio": 0.047586805555555556,
  "dirt_hue_shift_score": 0.3900779724121094,
  "glare_area_ratio": 0.0,
  "glare_clipped_pixel_ratio": 0.0,
  "damage_line_density": 0.0,
  "damage_irregular_line_score": 0.046511627906976744,
  "laplacian_variance": 195.80707170832127
}