{
  "brightness_median": 0.1568627450980392,
  "shadow_area_ratio": 0.0013599537037037037,
  "shadow_directionality_score": 0.6774871822655778,
  "dirt_area_ratio": 0.008107638888888888,
  "dirt_hue_shift_score": 0.21215004391140407,
  "glare_area_ratio": 0.0,
  "glare_clipped_pixel_ratio": 0.0,
  "damage_line_density": 0.0,
  "damage_irregular_line_score": 0.09615384615384616,
  "laplacian_variance": 259.95185977888684
}