{
  "brightness_median": 0.15294117647058825,
  "shadow_area_ratio": 0.00044560185185185187,
  "shadow_directionality_score": 0.8197903276457624,
  "dirt_area_ratio": 0.010167824074074074,
  "dirt_hue_shift_score": 0.1833428276909722,
  "glare_area_ratio": 0.0,
  "glare_clipped_pixel_ratio": 0.0,
  "damage_line_density": 0.0,
  "damage_irregular_line_score": 0.10964912280701754,
  "laplacian_variance": 259.1189345193745
}