{
  "brightness_median": 0.15294117647058825,
  "shadow_area_ratio": 0.0003993055555555556,
  "shadow_directionality_score": 0.5280821011710836,
  "dirt_area_ratio": 0.010324074074074074,
  "dirt_hue_shift_score": 0.18963627285427517,
  "glare_area_ratio": 0.0,
  "glare_clipped_pixel_ratio": 0.0,
  "damage_line_density": 0.0,
  "damage_irregular_line_score": 0.11981566820276497,
  "laplacian_variance": 260.64917773407365
}