{
  "brightness_median": 0.1568627450980392,
  "shadow_area_ratio": 0.08237847222222222,
  "shadow_directionality_score": 0.7350444601790753,
  "dirt_area_ratio": 0.002372685185185185,
  "dirt_hue_shift_score": 0.16617886225382486,
  "glare_area_ratio": 0.0,
  "glare_clipped_pixel_ratio": 0.0,
  "damage_line_density": 0.0,
  "damage_irregular_line_score": 0.1111111111111111,
  "laplacian_variance": 236.8161039543414
}