{
  "brightness_median": 0.1568627450980392,
  "shadow_area_ratio": 0.0003356481481481481,
  "shadow_directionality_score": 0.44739162589452103,
  "dirt_area_ratio": 0.008530092592592593,
  "dirt_hue_shift_score": 0.18349164326985676,
  "glare_area_ratio": 0.0,
  "glare_clipped_pixel_ratio": 0.0,
  "damage_line_density": 0.0,
  "damage_irregular_line_score": 0.1031390134529148,
  "laplacian_variance": 259.6146561454783
}