{
  "brightness_median": 0.1568627450980392,
  "shadow_area_ratio": 0.005381944444444444,
  "shadow_directionality_score": 0.6301423417500261,
  "dirt_area_ratio": 0.011377314814814814,
  "dirt_hue_shift_score": 0.3311631096733941,
  "glare_area_ratio": 0.0,
  "glare_clipped_pixel_ratio": 0.0,
  "damage_line_density": 0.002372685185185185,
  "damage_irregular_line_score": 0.12,
  "laplacian_variance": 275.0623520688323
}