{
  "brightness_median": 0.19607843137254902,
  "shadow_area_ratio": 0.004704861111111111,
  "shadow_directionality_score": 0.3706894256499318,
  "dirt_area_ratio": 0.036770833333333336,
  "dirt_hue_shift_score": 0.42838982476128473,
  "glare_area_ratio": 0.0,
  "glare_clipped_pixel_ratio": 0.0,
  "damage_line_density": 0.0,
  "damage_irregular_line_score": 0.09202453987730061,
  "laplacian_variance": 200.73797144847396
}