{
  "brightness_median": 0.15294117647058825,
  "shadow_area_ratio": 0.009079861111111111,
  "shadow_directionality_score": 0.24983182701368195,
  "dirt_area_ratio": 0.01136574074074074,
  "dirt_hue_shift_score": 0.3491796705457899,
  "glare_area_ratio": 0.0,
  "glare_clipped_pixel_ratio": 0.0,
  "damage_line_density": 0.0013136574074074075,
  "damage_irregular_line_score": 0.11059907834101383,
  "laplacian_variance": 257.5291597942588
}