{
  "brightness_median": 0.1568627450980392,
  "shadow_area_ratio": 0.000462962962962963,
  "shadow_directionality_score": 0.12988036280613108,
  "dirt_area_ratio": 0.0035011574074074073,
  "dirt_hue_shift_score": 0.16593205134073893,
  "glare_area_ratio": 0.0,
  "glare_clipped_pixel_ratio": 0.0,
  "damage_line_density": 0.0,
  "damage_irregular_line_score": 0.043668122270742356,
  "laplacian_variance": 260.88869097101656
}