{
  "brightness_median": 0.15294117647058825,
  "shadow_area_ratio": 0.0010821759259259259,
  "shadow_directionality_score": 0.8591555276360514,
  "dirt_area_ratio": 0.006834490740740741,
  "dirt_hue_shift_score": 0.17126728693644205,
  "glare_area_ratio": 0.0,
  "glare_clipped_pixel_ratio": 0.0,
  "damage_line_density": 0.0,
  "damage_irregular_line_score": 0.0990990990990991,
  "laplacian_variance": 257.9840224461685
}