{
  "brightness_median": 0.1568627450980392,
  "shadow_area_ratio": 0.0032118055555555554,
  "shadow_directionality_score": 0.7221849056297336,
  "dirt_area_ratio": 0.008622685185185185,
  "dirt_hue_shift_score": 0.3726472642686632,
  "glare_area_ratio": 0.047337962962962964,
  "glare_clipped_pixel_ratio": 0.05677662037037037,
  "damage_line_density": 0.0,
  "damage_irregular_line_score": 0.08808290155440414,
  "laplacian_variance": 237.1374688764575
}