{
  "brightness_median": 0.19215686274509805,
  "shadow_area_ratio": 0.08616898148148149,
  "shadow_directionality_score": 0.9522678436522952,
  "dirt_area_ratio": 0.04905092592592593,
  "dirt_hue_shift_score": 0.4131416744656033,
  "glare_area_ratio": 0.0,
  "glare_clipped_pixel_ratio": 0.0,
  "damage_line_density": 0.0,
  "damage_irregular_line_score": 0.05228758169934641,
  "laplacian_variance": 182.80546349796245
}