{
  "brightness_median": 0.1568627450980392,
  "shadow_area_ratio": 0.00041087962962962964,
  "shadow_directionality_score": 0.7093744326692912,
  "dirt_area_ratio": 0.007083333333333333,
  "dirt_hue_shift_score": 0.17460058000352646,
  "glare_area_ratio": 0.0,
  "glare_clipped_pixel_ratio": 0.0,
  "damage_line_density": 0.0,
  "damage_irregular_line_score": 0.08108108108108109,
  "laplacian_variance": 258.8332518563729
}