{
  "brightness_median": 0.19607843137254902,
  "shadow_area_ratio": 0.00012152777777777777,
  "shadow_directionality_score": 0.4031206434267025,
  "dirt_area_ratio": 0.04748263888888889,
  "dirt_hue_shift_score": 0.45888548956977,
  "glare_area_ratio": 0.0,
  "glare_clipped_pixel_ratio": 0.0,
  "damage_line_density": 0.0,
  "damage_irregular_line_score": 0.05389221556886228,
  "laplacian_variance": 194.87516504358362
}