{
  "brightness_median": 0.2,
  "shadow_area_ratio": 0.00031828703703703706,
  "shadow_directionality_score": 0.5400669607299687,
  "dirt_area_ratio": 0.05386574074074074,
  "dirt_hue_shift_score": 0.4260325537787543,
  "glare_area_ratio": 0.0,
  "glare_clipped_pixel_ratio": 0.0,
  "damage_line_density": 0.0,
  "damage_irregular_line_score": 0.09815950920245399,
  "laplacian_variance": 194.12792470944254
}