{
  "brightness_median": 0.15294117647058825,
  "shadow_area_ratio": 0.0021180555555555558,
  "shadow_directionality_score": 0.48139694790948184,
  "dirt_area_ratio": 0.015491898148148149,
  "dirt_hue_shift_score": 0.302565066019694,
  "glare_area_ratio": 0.0,
  "glare_clipped_pixel_ratio": 0.0,
  "damage_line_density": 0.0013599537037037037,
  "damage_irregular_line_score": 0.13392857142857142,
  "laplacian_variance": 271.11838637782387
}