{
  "brightness_median": 0.1568627450980392,
  "shadow_area_ratio": 0.001707175925925926,
  "shadow_directionality_score": 0.6253872893713246,
  "dirt_area_ratio": 0.004583333333333333,
  "dirt_hue_shift_score": 0.21475870344373915,
  "glare_area_ratio": 0.0,
  "glare_clipped_pixel_ratio": 0.0,
  "damage_line_density": 0.0,
  "damage_irregular_line_score": 0.12626262626262627,
  "laplacian_variance": 255.47075559360002
}