{
  "brightness_median": 0.1568627450980392,
  "shadow_area_ratio": 0.005185185185185185,
  "shadow_directionality_score": 0.7328962370570854,
  "dirt_area_ratio": 0.003246527777777778,
  "dirt_hue_shift_score": 0.1628639327155219,
  "glare_area_ratio": 0.0,
  "glare_clipped_pixel_ratio": 0.0,
  "damage_line_density": 0.0,
  "damage_irregular_line_score": 0.1320754716981132,
  "laplacian_variance": 258.30001066231426
}