{
  "brightness_median": 0.19607843137254902,
  "shadow_area_ratio": 0.0662962962962963,
  "shadow_directionality_score": 0.7778879283289812,
  "dirt_area_ratio": 0.07142939814814815,
  "dirt_hue_shift_score": 0.43323343065049913,
  "glare_area_ratio": 0.0,
  "glare_clipped_pixel_ratio": 0.0,
  "damage_line_density": 0.0,
  "damage_irregular_line_score": 0.06470588235294118,
  "laplacian_variance": 187.3457999967515
}