{
  "brightness_median": 0.1568627450980392,
  "shadow_area_ratio": 0.005318287037037037,
  "shadow_directionality_score": 0.8586594386790312,
  "dirt_area_ratio": 0.007100694444444444,
  "dirt_hue_shift_score": 0.1766277313232422,
  "glare_area_ratio": 0.0,
  "glare_clipped_pixel_ratio": 0.0,
  "damage_line_density": 0.0,
  "damage_irregular_line_score": 0.0945273631840796,
  "laplacian_variance": 260.28978159879625
}