{
  "brightness_median": 0.20392156862745098,
  "shadow_area_ratio": 0.0011689814814814816,
  "shadow_directionality_score": 0.057775769660392176,
  "dirt_area_ratio": 0.03605324074074074,
  "dirt_hue_shift_score": 0.3802942911783854,
  "glare_area_ratio": 0.0,
  "glare_clipped_pixel_ratio": 0.0,
  "damage_line_density": 0.0,
  "damage_irregular_line_score": 0.05747126436781609,
  "laplacian_variance": 202.21794120045516
}