{
  "brightness_median": 0.19607843137254902,
  "shadow_area_ratio": 0.00022569444444444443,
  "shadow_directionality_score": 0.8599180983773993,
  "dirt_area_ratio": 0.061168981481481484,
  "dirt_hue_shift_score": 0.36265636020236547,
  "glare_area_ratio": 0.0,
  "glare_clipped_pixel_ratio": 0.0,
  "damage_line_density": 0.0,
  "damage_irregular_line_score": 0.0847457627118644,
  "laplacian_variance": 195.7486903653536
}