{
  "brightness_median": 0.2,
  "shadow_area_ratio": 0.0004571759259259259,
  "shadow_directionality_score": 0.5977391390031002,
  "dirt_area_ratio": 0.060127314814814814,
  "dirt_hue_shift_score": 0.4603646596272786,
  "glare_area_ratio": 0.0,
  "glare_clipped_pixel_ratio": 0.0,
  "damage_line_density": 0.0,
  "damage_irregular_line_score": 0.05844155844155844,
  "laplacian_variance": 194.0924021307214
}