{
  "brightness_median": 0.2,
  "shadow_area_ratio": 0.00016782407407407406,
  "shadow_directionality_score": 0.4826421864192715,
  "dirt_area_ratio": 0.03767939814814815,
  "dirt_hue_shift_score": 0.4189730326334635,
  "glare_area_ratio": 0.0,
  "glare_clipped_pixel_ratio": 0.0,
  "damage_line_density": 0.0,
  "damage_irregular_line_score": 0.05434782608695652,
  "laplacian_variance": 197.02556739322785
}