{
  "brightness_median": 0.1568627450980392,
  "shadow_area_ratio": 0.006730324074074074,
  "shadow_directionality_score": 0.9438225483750042,
  "dirt_area_ratio": 0.008628472222222221,
  "dirt_hue_shift_score": 0.23128399319118922,
  "glare_area_ratio": 0.0,
  "glare_clipped_pixel_ratio": 0.0,
  "damage_line_density": 0.0,
  "damage_irregular_line_score": 0.08771929824561403,
  "laplacian_variance": 260.03247477545096
}