{
  "brightness_median": 0.15294117647058825,
  "shadow_area_ratio": 0.00032407407407407406,
  "shadow_directionality_score": 0.6717140478961667,
  "dirt_area_ratio": 0.010815972222222222,
  "dirt_hue_shift_score": 0.18617799546983507,
  "glare_area_ratio": 0.0,
  "glare_clipped_pixel_ratio": 0.0,
  "damage_line_density": 0.0,
  "damage_irregular_line_score": 0.07103825136612021,
  "laplacian_variance": 256.6388653501158
}