{
  "brightness_median": 0.1568627450980392,
  "shadow_area_ratio": 0.0008506944444444444,
  "shadow_directionality_score": 0.2504264846968915,
  "dirt_area_ratio": 0.005138888888888889,
  "dirt_hue_shift_score": 0.1806181165907118,
  "glare_area_ratio": 0.0,
  "glare_clipped_pixel_ratio": 0.0,
  "damage_line_density": 0.0,
  "damage_irregular_line_score": 0.12719298245614036,
  "laplacian_variance": 259.1387148871528
}