{
  "brightness_median": 0.1568627450980392,
  "shadow_area_ratio": 0.0006018518518518519,
  "shadow_directionality_score": 0.755996277154109,
  "dirt_area_ratio": 0.004826388888888889,
  "dirt_hue_shift_score": 0.17280842463175455,
  "glare_area_ratio": 0.0,
  "glare_clipped_pixel_ratio": 0.0,
  "damage_line_density": 0.0,
  "damage_irregular_line_score": 0.07142857142857142,
  "laplacian_variance": 257.52815200402944
}