{
  "brightness_median": 0.15294117647058825,
  "shadow_area_ratio": 0.0011863425925925926,
  "shadow_directionality_score": 0.774462852111608,
  "dirt_area_ratio": 0.008049768518518519,
  "dirt_hue_shift_score": 0.18249859280056424,
  "glare_area_ratio": 0.0,
  "glare_clipped_pixel_ratio": 0.0,
  "damage_line_density": 0.0,
  "damage_irregular_line_score": 0.09243697478991597,
  "laplacian_variance": 258.87644014271336
}