{
  "brightness_median": 0.2,
  "shadow_area_ratio": 0.005451388888888889,
  "shadow_directionality_score": 0.7703678182399103,
  "dirt_area_ratio": 0.041811342592592594,
  "dirt_hue_shift_score": 0.441485595703125,
  "glare_area_ratio": 0.0,
  "glare_clipped_pixel_ratio": 0.0,
  "damage_line_density": 0.0,
  "damage_irregular_line_score": 0.0718954248366013,
  "laplacian_variance": 197.1544270551684
}