{
  "brightness_median": 0.10196078431372549,
  "shadow_area_ratio": 0.00833912037037037,
  "shadow_directionality_score": 0.5324676431610712,
  "dirt_area_ratio": 0.005277777777777778,
  "dirt_hue_shift_score": 0.1644614961412218,
  "glare_area_ratio": 0.0,
  "glare_clipped_pixel_ratio": 0.0,
  "damage_line_density": 0.0,
  "damage_irregular_line_score": 0.17391304347826086,
  "laplacian_variance": 150.36371976152583
}