{
  "brightness_median": 0.1568627450980392,
  "shadow_area_ratio": 0.0007233796296296296,
  "shadow_directionality_score": 0.6493743304798559,
  "dirt_area_ratio": 0.011325231481481481,
  "dirt_hue_shift_score": 0.1861182106865777,
  "glare_area_ratio": 0.0,
  "glare_clipped_pixel_ratio": 0.0,
  "damage_line_density": 0.0,
  "damage_irregular_line_score": 0.09090909090909091,
  "laplacian_variance": 262.25684010416666
}