{
  "brightness_median": 0.19607843137254902,
  "shadow_area_ratio": 0.012957175925925926,
  "shadow_directionality_score": 0.57364953319872,
  "dirt_area_ratio": 0.04204282407407407,
  "dirt_hue_shift_score": 0.33308251698811847,
  "glare_area_ratio": 0.0,
  "glare_clipped_pixel_ratio": 0.0,
  "damage_line_density": 0.0,
  "damage_irregular_line_score": 0.0797872340425532,
  "laplacian_variance": 198.5047764917361
}