{
  "brightness_median": 0.1568627450980392,
  "shadow_area_ratio": 0.0002546296296296296,
  "shadow_directionality_score": 0.15799859813356715,
  "dirt_area_ratio": 0.00920138888888889,
  "dirt_hue_shift_score": 0.18293501536051432,
  "glare_area_ratio": 0.0,
  "glare_clipped_pixel_ratio": 0.0,
  "damage_line_density": 0.0,
  "damage_irregular_line_score": 0.07547169811320754,
  "laplacian_variance": 259.0743134825907
}