{
  "brightness_median": 0.1568627450980392,
  "shadow_area_ratio": 0.0035300925925925925,
  "shadow_directionality_score": 0.7850827880482462,
  "dirt_area_ratio": 0.005792824074074074,
  "dirt_hue_shift_score": 0.4415473514133029,
  "glare_area_ratio": 0.0,
  "glare_clipped_pixel_ratio": 0.0,
  "damage_line_density": 0.0028587962962962963,
  "damage_irregular_line_score": 0.17813765182186234,
  "laplacian_variance": 266.62024913432225
}