{
  "brightness_median": 0.2,
  "shadow_area_ratio": 0.00028935185185185184,
  "shadow_directionality_score": 0.2155696106736831,
  "dirt_area_ratio": 0.059722222222222225,
  "dirt_hue_shift_score": 0.45590006510416664,
  "glare_area_ratio": 0.05130787037037037,
  "glare_clipped_pixel_ratio": 0.0635300925925926,
  "damage_line_density": 0.0,
  "damage_irregular_line_score": 0.0759493670886076,
  "laplacian_variance": 181.43475075231478
}