{
  "brightness_median": 0.13725490196078433,
  "shadow_area_ratio": 0.24683449074074074,
  "shadow_directionality_score": 0.6080530525341912,
  "dirt_area_ratio": 0.02755787037037037,
  "dirt_hue_shift_score": 0.3036982642279731,
  "glare_area_ratio": 0.0,
  "glare_clipped_pixel_ratio": 0.0,
  "damage_line_density": 0.0005208333333333333,
  "damage_irregular_line_score": 0.3795180722891566,
  "laplacian_variance": 190.31960921089998
}