{
  "brightness_median": 0.1568627450980392,
  "shadow_area_ratio": 0.00271412037037037,
  "shadow_directionality_score": 0.7424261167207755,
  "dirt_area_ratio": 0.010671296296296297,
  "dirt_hue_shift_score": 0.19123884836832683,
  "glare_area_ratio": 0.0,
  "glare_clipped_pixel_ratio": 0.0,
  "damage_line_density": 0.0,
  "damage_irregular_line_score": 0.1187214611872146,
  "laplacian_variance": 261.03039434233403
}