{
  "brightness_median": 0.19607843137254902,
  "shadow_area_ratio": 0.0016550925925925926,
  "shadow_directionality_score": 0.48554204528495065,
  "dirt_area_ratio": 0.06403935185185185,
  "dirt_hue_shift_score": 0.4417424943712023,
  "glare_area_ratio": 0.0,
  "glare_clipped_pixel_ratio": 0.0,
  "damage_line_density": 0.0,
  "damage_irregular_line_score": 0.0975609756097561,
  "laplacian_variance": 197.06749999986607
}