{
  "brightness_median": 0.1568627450980392,
  "shadow_area_ratio": 0.003616898148148148,
  "shadow_directionality_score": 0.1458237935171004,
  "dirt_area_ratio": 0.00970486111111111,
  "dirt_hue_shift_score": 0.18138209448920356,
  "glare_area_ratio": 0.0,
  "glare_clipped_pixel_ratio": 0.0,
  "damage_line_density": 0.0,
  "damage_irregular_line_score": 0.0779816513761468,
  "laplacian_variance": 260.97578702950193
}