{
  "brightness_median": 0.1568627450980392,
  "shadow_area_ratio": 0.0015104166666666666,
  "shadow_directionality_score": 0.4429097524927755,
  "dirt_area_ratio": 0.012893518518518518,
  "dirt_hue_shift_score": 0.36606322394477,
  "glare_area_ratio": 0.04141782407407407,
  "glare_clipped_pixel_ratio": 0.05386574074074074,
  "damage_line_density": 0.0,
  "damage_irregular_line_score": 0.14883720930232558,
  "laplacian_variance": 237.96048146219144
}