{
  "brightness_median": 0.12941176470588237,
  "shadow_area_ratio": 0.0,
  "shadow_directionality_score": 0.0,
  "dirt_area_ratio": 0.055572916666666666,
  "dirt_hue_shift_score": 0.42516229417588974,
  "glare_area_ratio": 0.0,
  "glare_clipped_pixel_ratio": 0.0,
  "damage_line_density": 0.0,
  "damage_irregular_line_score": 0.35714285714285715,
  "laplacian_variance": 120.21777165584275
}