{
  "brightness_median": 0.1568627450980392,
  "shadow_area_ratio": 0.0025520833333333333,
  "shadow_directionality_score": 0.6523252365436273,
  "dirt_area_ratio": 0.014172453703703704,
  "dirt_hue_shift_score": 0.25352297888861763,
  "glare_area_ratio": 0.03121527777777778,
  "glare_clipped_pixel_ratio": 0.03613425925925926,
  "damage_line_density": 0.0,
  "damage_irregular_line_score": 0.1111111111111111,
  "laplacian_variance": 246.41266819751874
}