{
  "brightness_median": 0.15294117647058825,
  "shadow_area_ratio": 0.00016782407407407406,
  "shadow_directionality_score": 0.5061946555834842,
  "dirt_area_ratio": 0.007378472222222222,
  "dirt_hue_shift_score": 0.1766100247701009,
  "glare_area_ratio": 0.0,
  "glare_clipped_pixel_ratio": 0.0,
  "damage_line_density": 0.0,
  "damage_irregular_line_score": 0.0881057268722467,
  "laplacian_variance": 262.5321054675443
}