{
  "brightness_median": 0.16862745098039217,
  "shadow_area_ratio": 0.005833333333333334,
  "shadow_directionality_score": 0.8496051508968768,
  "dirt_area_ratio": 2.3148148148148147e-05,
  "dirt_hue_shift_score": 0.1527777777777778,
  "glare_area_ratio": 0.0,
  "glare_clipped_pixel_ratio": 0.0,
  "damage_line_density": 0.0,
  "damage_irregular_line_score": 0.0,
  "laplacian_variance": 0.9709368247117198
}