{
  "brightness_median": 0.19607843137254902,
  "shadow_area_ratio": 0.0002719907407407407,
  "shadow_directionality_score": 0.494342962826979,
  "dirt_area_ratio": 0.03836226851851852,
  "dirt_hue_shift_score": 0.40842759874131945,
  "glare_area_ratio": 0.048304398148148145,
  "glare_clipped_pixel_ratio": 0.05693865740740741,
  "damage_line_density": 0.0,
  "damage_irregular_line_score": 0.08496732026143791,
  "laplacian_variance": 181.42771792896414
}