{
  "brightness_median": 0.15294117647058825,
  "shadow_area_ratio": 0.012314814814814815,
  "shadow_directionality_score": 0.8065952631725706,
  "dirt_area_ratio": 0.01072337962962963,
  "dirt_hue_shift_score": 0.17347844441731772,
  "glare_area_ratio": 0.0,
  "glare_clipped_pixel_ratio": 0.0,
  "damage_line_density": 0.0,
  "damage_irregular_line_score": 0.11538461538461539,
  "laplacian_variance": 256.88327235390415
}