stratum,n,mean_confidence,accuracy,n_correct,n_incorrect
top20,26,0.9856673321428585,0.9615384615384616,25,1
middle60,77,0.8486850078251746,0.8831168831168831,68,9
bottom20,26,0.5900120753374651,0.7692307692307693,20,6
