stratum,n,mean_confidence,accuracy,n_correct,n_incorrect
top20,24,0.9821002507244717,0.9583333333333334,23,1
middle60,71,0.8759117573222761,0.8732394366197183,62,9
bottom20,24,0.6063104533026797,0.75,18,6
